{"text": " I think we could just focus on uploading to pine cone. Um, let's just stick to the pine cone and not do the super base.", "segments": [{"id": 0, "seek": 0, "start": 0.0, "end": 3.2800000000000002, "text": " I think we could just focus on uploading to pine cone.", "tokens": [50364, 286, 519, 321, 727, 445, 1879, 322, 27301, 281, 15113, 19749, 13, 50528], "temperature": 0.0, "avg_logprob": -0.45815692228429455, "compression_ratio": 1.2795698924731183, "no_speech_prob": 0.060205474495887756}, {"id": 1, "seek": 0, "start": 3.2800000000000002, "end": 7.84, "text": " Um, let's just stick to the pine cone and not do the super base.", "tokens": [50528, 3301, 11, 718, 311, 445, 2897, 281, 264, 15113, 19749, 293, 406, 360, 264, 1687, 3096, 13, 50756], "temperature": 0.0, "avg_logprob": -0.45815692228429455, "compression_ratio": 1.2795698924731183, "no_speech_prob": 0.060205474495887756}], "language": "en"}